{
  "generator-jhipster": {
    "promptValues": {
      "packageName": "com.bosch.procon",
      "nativeLanguage": "en",
      "microservicePath": "../procon-vsd-jhip5"
    },
    "jhipsterVersion": "5.7.0",
    "applicationType": "gateway",
    "baseName": "vsdGateway",
    "packageName": "com.bosch.procon",
    "packageFolder": "com/bosch/procon",
    "serverPort": "8080",
    "authenticationType": "oauth2",
    "cacheProvider": "hazelcast",
    "enableHibernateCache": true,
    "websocket": "spring-websocket",
    "databaseType": "sql",
    "devDatabaseType": "mysql",
    "prodDatabaseType": "mysql",
    "searchEngine": "elasticsearch",
    "messageBroker": "kafka",
    "serviceDiscoveryType": "eureka",
    "buildTool": "maven",
    "enableSwaggerCodegen": true,
    "clientFramework": "angularX",
    "useSass": true,
    "clientPackageManager": "npm",
    "testFrameworks": [
      "protractor"
    ],
    "jhiPrefix": "jhi",
    "otherModules": [],
    "enableTranslation": true,
    "nativeLanguage": "en",
    "languages": [
      "en",
      "de"
    ]
  }
}